"SiteCodeKey","SysCode","InvEventKey","InvYear","InvGear"
"1","CB13-0001","CBay","invPFeth-CB13-0001-aug",2013,"PONARfull"
"2","CB13-0002","CBay","invPFeth-CB13-0002-aug",2013,"PONARfull"
"3","CB13-0003","CBay","invPFeth-CB13-0003-aug",2013,"PONARfull"
"4","CB13-0004","CBay","invPFeth-CB13-0004-aug",2013,"PONARfull"
"5","CB13-0005","CBay","invPFeth-CB13-0005-aug",2013,"PONARfull"
"6","CB13-0006","CBay","invPFeth-CB13-0006-aug",2013,"PONARfull"
"7","CB13-0007","CBay","invPFeth-CB13-0007-aug",2013,"PONARfull"
"8","CB13-0008","CBay","invBSeth-CB13-0008-aug",2013,"benthicsled"
"9","CB13-0008","CBay","invPFeth-CB13-0008-aug",2013,"PONARfull"
"10","CB13-0009","CBay","invPFeth-CB13-0009-aug",2013,"PONARfull"
"11","CB13-0010","CBay","invPFeth-CB13-0010-aug",2013,"PONARfull"
"12","CB13-0011","CBay","invPFeth-CB13-0011-aug",2013,"PONARfull"
"13","CB13-0012","CBay",NA,NA,NA
"14","CB13-0013","CBay","invPFeth-CB13-0013-aug",2013,"PONARfull"
"15","CB13-0014","CBay","invPFeth-CB13-0014-aug",2013,"PONARfull"
"16","CB13-0015","CBay","invPFeth-CB13-0015-aug",2013,"PONARfull"
"17","CB13-0016","CBay","invPFeth-CB13-0016-aug",2013,"PONARfull"
"18","CB13-0017","CBay","invPFeth-CB13-0017-aug",2013,"PONARfull"
"19","CB13-0018","CBay","invPFeth-CB13-0018-aug",2013,"PONARfull"
"20","CB13-0019","CBay","invPFeth-CB13-0019-aug",2013,"PONARfull"
"21","CB13-0020","CBay","invPFeth-CB13-0020-aug",2013,"PONARfull"
"22","CB13-0021","CBay","invPFeth-CB13-0021-aug",2013,"PONARfull"
"23","CB13-0022","CBay","invPFeth-CB13-0022-aug",2013,"PONARfull"
"24","CB13-0023","CBay","invPFeth-CB13-0023-aug",2013,"PONARfull"
"25","CB13-0024","CBay","invPFeth-CB13-0024-aug",2013,"PONARfull"
"26","CB13-0025","CBay","invPFeth-CB13-0025-aug",2013,"PONARfull"
"27","CB13-0026","CBay","invPFeth-CB13-0026-aug",2013,"PONARfull"
"28","CB13-0027","CBay","invPFeth-CB13-0027-aug",2013,"PONARfull"
"29","CB13-0028","CBay","invPFeth-CB13-0028-aug",2013,"PONARfull"
"30","CB13-0029","CBay","invPFeth-CB13-0029-aug",2013,"PONARfull"
"31","CB13-0030","CBay","invPFeth-CB13-0030-aug",2013,"PONARfull"
"32","CB13-0031","CBay","invPFeth-CB13-0031-aug",2013,"PONARfull"
"33","CB13-0032","CBay","invPFeth-CB13-0032-aug",2013,"PONARfull"
"34","CB13-0033","CBay","invPFeth-CB13-0033-aug",2013,"PONARfull"
"35","CB13-0034","CBay","invPFeth-CB13-0034-aug",2013,"PONARfull"
"36","CB13-0035","CBay","invPFeth-CB13-0035-aug",2013,"PONARfull"
"37","CB13-0036","CBay",NA,NA,NA
"38","CB13-0037","CBay","invPFeth-CB13-0037-aug",2013,"PONARfull"
"39","CB13-0038","CBay","invPFeth-CB13-0038-aug",2013,"PONARfull"
"40","CB13-0039","CBay","invPFeth-CB13-0039-aug",2013,"PONARfull"
"41","CB13-0040","CBay","invPFeth-CB13-0040-aug",2013,"PONARfull"
"42","CB13-0041","CBay","invPFeth-CB13-0041-aug",2013,"PONARfull"
"43","CB13-0042","CBay","invPFeth-CB13-0042-aug",2013,"PONARfull"
"44","CB13-0043","CBay",NA,NA,NA
"45","CB13-0044","CBay","invZTeth-CB13-0044-aug",2013,"zooptow"
"46","CB13-0044","CBay","invPFeth-CB13-0044-aug",2013,"PONARfull"
"47","CB13-0045","CBay","invBSeth-CB13-0045-aug",2013,"benthicsled"
"48","CB13-0045","CBay","invPFeth-CB13-0045-aug",2013,"PONARfull"
"49","CB13-0046","CBay","invZTeth-CB13-0046-aug",2013,"zooptow"
"50","CB13-0046","CBay","invPFeth-CB13-0046-aug",2013,"PONARfull"
"51","CB13-0047","CBay","invPFeth-CB13-0047-aug",2013,"PONARfull"
"52","CB13-0048","CBay","invPFeth-CB13-0048-aug",2013,"PONARfull"
"53","CB13-0049","CBay","invPFeth-CB13-0049-aug",2013,"PONARfull"
"54","CB13-0050","CBay","invPFeth-CB13-0050-aug",2013,"PONARfull"
"55","CB13-0051","CBay","invPFeth-CB13-0051-aug",2013,"PONARfull"
"56","CB13-0052","CBay","invPFeth-CB13-0052-aug",2013,"PONARfull"
"57","CB13-0053","CBay","invPFeth-CB13-0053-aug",2013,"PONARfull"
"58","CB13-0054","CBay","invPFeth-CB13-0054-aug",2013,"PONARfull"
"59","CB13-0054","CBay","invBSeth-CB13-0054-aug",2013,"benthicsled"
"60","CB13-0055","CBay","invPFeth-CB13-0055-aug",2013,"PONARfull"
"61","CB13-0056","CBay","invPFeth-CB13-0056-aug",2013,"PONARfull"
"62","CB13-0057","CBay","invPFeth-CB13-0057-aug",2013,"PONARfull"
"63","CB13-0058","CBay","invPFeth-CB13-0058-aug",2013,"PONARfull"
"64","CB13-0059","CBay","invPFeth-CB13-0059-aug",2013,"PONARfull"
"65","CB13-0059","CBay","invZTeth-CB13-0059-aug",2013,"zooptow"
"66","CB13-0060","CBay","invPFeth-CB13-0060-aug",2013,"PONARfull"
"67","CB13-0061","CBay","invPFeth-CB13-0061-aug",2013,"PONARfull"
"68","CB13-0062","CBay","invPFeth-CB13-0062-aug",2013,"PONARfull"
"69","CB13-0063","CBay","invPFeth-CB13-0063-aug",2013,"PONARfull"
"70","CB13-0064","CBay","invPFeth-CB13-0064-aug",2013,"PONARfull"
"71","CB13-0065","CBay","invPFeth-CB13-0065-aug",2013,"PONARfull"
"72","CB13-0066","CBay","invPFeth-CB13-0066-aug",2013,"PONARfull"
"73","CB13-0067","CBay","invPFeth-CB13-0067-aug",2013,"PONARfull"
"74","CB13-0068","CBay","invPFeth-CB13-0068-aug",2013,"PONARfull"
"75","CB13-0069","CBay","invPFeth-CB13-0069-aug",2013,"PONARfull"
"76","CB13-0070","CBay","invPFeth-CB13-0070-aug",2013,"PONARfull"
"77","CB13-0072","CBay","invPFeth-CB13-0072-aug",2013,"PONARfull"
"78","CB13-0073","CBay","invPFeth-CB13-0073-aug",2013,"PONARfull"
"79","CB13-0074","CBay","invPFeth-CB13-0074-aug",2013,"PONARfull"
"80","CB13-0075","CBay","invPFeth-CB13-0075-aug",2013,"PONARfull"
"81","CB13-0076","CBay","invPFeth-CB13-0076-aug",2013,"PONARfull"
"82","CB13-0077","CBay","invPFeth-CB13-0077-aug",2013,"PONARfull"
"83","CB13-0079","CBay","invPFeth-CB13-0079-aug",2013,"PONARfull"
"84","CB13-0083","CBay","invPFeth-CB13-0083-aug",2013,"PONARfull"
"85","CB13-0084","CBay","invPFeth-CB13-0084-aug",2013,"PONARfull"
"86","CB13-0085","CBay","invPFeth-CB13-0085-aug",2013,"PONARfull"
"87","CB13-0086","CBay","invPFeth-CB13-0086-aug",2013,"PONARfull"
"88","CB13-0086","CBay","invBSeth-CB13-0086-aug",2013,"benthicsled"
"89","CB13-0087","CBay","invPFeth-CB13-0087-aug",2013,"PONARfull"
"90","CB13-0088","CBay","invPFeth-CB13-0088-aug",2013,"PONARfull"
"91","CB13-0090","CBay","invPFeth-CB13-0090-aug",2013,"PONARfull"
"92","CB13-0091","CBay","invPFeth-CB13-0091-aug",2013,"PONARfull"
"93","CB13-0092","CBay","invPFeth-CB13-0092-aug",2013,"PONARfull"
"94","CB13-0093","CBay","invPFeth-CB13-0093-aug",2013,"PONARfull"
"95","CB13-0094","CBay","invPFeth-CB13-0094-aug",2013,"PONARfull"
"96","CB13-0095","CBay","invPFeth-CB13-0095-aug",2013,"PONARfull"
"97","CB13-0097","CBay","invBSeth-CB13-0097-aug",2013,"benthicsled"
"98","CB13-0097","CBay","invPFeth-CB13-0097-aug",2013,"PONARfull"
"99","CB13-0100","CBay","invPFeth-CB13-0100-aug",2013,"PONARfull"
"100","CB13-0101","CBay","invPFeth-CB13-0101-aug",2013,"PONARfull"
"101","CB13-0102","CBay","invPFeth-CB13-0102-aug",2013,"PONARfull"
"102","CB13-0104","CBay","invPFeth-CB13-0104-aug",2013,"PONARfull"
"103","CB13-0105","CBay","invPFeth-CB13-0105-aug",2013,"PONARfull"
"104","CB13-0107","CBay","invPFeth-CB13-0107-aug",2013,"PONARfull"
"105","CB13-0109","CBay","invPFeth-CB13-0109-aug",2013,"PONARfull"
"106","CB13-0111","CBay","invPFeth-CB13-0111-aug",2013,"PONARfull"
"107","CB13-0113","CBay","invPFeth-CB13-0113-aug",2013,"PONARfull"
"108","CB13-0114","CBay","invPFeth-CB13-0114-aug",2013,"PONARfull"
"109","CB13-0115","CBay","invPFeth-CB13-0115-aug",2013,"PONARfull"
"110","CB13-0116","CBay","invPFeth-CB13-0116-aug",2013,"PONARfull"
"111","CB13-0117","CBay","invPFeth-CB13-0117-aug",2013,"PONARfull"
"112","CB13-0118","CBay","invPFeth-CB13-0118-aug",2013,"PONARfull"
"113","CB13-0120","CBay","invPFeth-CB13-0120-aug",2013,"PONARfull"
"114","CB13-0121","CBay","invPFeth-CB13-0121-aug",2013,"PONARfull"
"115","CB13-0123","CBay","invPFeth-CB13-0123-aug",2013,"PONARfull"
"116","CB13-0126","CBay","invPFeth-CB13-0126-aug",2013,"PONARfull"
"117","CB13-0127","CBay","invPFeth-CB13-0127-aug",2013,"PONARfull"
"118","CB13-0129","CBay","invPFeth-CB13-0129-aug",2013,"PONARfull"
"119","CB13-0135","CBay","invPFeth-CB13-0135-aug",2013,"PONARfull"
"120","CB13-0136","CBay","invPFeth-CB13-0136-aug",2013,"PONARfull"
"121","CB13-0138","CBay","invPFeth-CB13-0138-aug",2013,"PONARfull"
"122","CB13-0139","CBay","invPFeth-CB13-0139-aug",2013,"PONARfull"
"123","CB13-0140","CBay","invPFeth-CB13-0140-aug",2013,"PONARfull"
"124","CB13-0141","CBay","invPFeth-CB13-0141-aug",2013,"PONARfull"
"125","CB13-0143","CBay","invPFeth-CB13-0143-aug",2013,"PONARfull"
"126","CB13-0144","CBay","invPFeth-CB13-0144-aug",2013,"PONARfull"
"127","CB13-0145","CBay","invPFeth-CB13-0145-aug",2013,"PONARfull"
"128","CB13-0147","CBay","invPFeth-CB13-0147-aug",2013,"PONARfull"
"129","CB13-0149","CBay","invBSeth-CB13-0149-aug",2013,"benthicsled"
"130","CB13-0149","CBay","invPFeth-CB13-0149-aug",2013,"PONARfull"
"131","CB13-0150","CBay","invPFeth-CB13-0150-aug",2013,"PONARfull"
"132","CB13-0152","CBay","invPFeth-CB13-0152-aug",2013,"PONARfull"
"133","CB13-0153","CBay","invPFeth-CB13-0153-aug",2013,"PONARfull"
"134","CB13-0155","CBay","invPFeth-CB13-0155-aug",2013,"PONARfull"
"135","CB13-0156","CBay","invPFeth-CB13-0156-aug",2013,"PONARfull"
"136","CB13-0157","CBay","invPFeth-CB13-0157-aug",2013,"PONARfull"
"137","CB13-0158","CBay","invPFeth-CB13-0158-aug",2013,"PONARfull"
"138","CB13-0160","CBay",NA,NA,NA
"139","CB13-0161","CBay","invPFeth-CB13-0161-aug",2013,"PONARfull"
"140","CB13-0162","CBay","invPFeth-CB13-0162-aug",2013,"PONARfull"
"141","CB13-0164","CBay","invPFeth-CB13-0164-aug",2013,"PONARfull"
"142","CB13-0166","CBay","invPFeth-CB13-0166-aug",2013,"PONARfull"
"143","CB13-0167","CBay","invPFeth-CB13-0167-aug",2013,"PONARfull"
"144","CB13-0168","CBay","invPFeth-CB13-0168-aug",2013,"PONARfull"
"145","CB13-0171","CBay","invPFeth-CB13-0171-aug",2013,"PONARfull"
"146","CB13-0172","CBay","invPFeth-CB13-0172-aug",2013,"PONARfull"
"147","CB13-0174","CBay","invPFeth-CB13-0174-aug",2013,"PONARfull"
"148","CB13-0175","CBay","invPFeth-CB13-0175-aug",2013,"PONARfull"
"149","CB13-0176","CBay","invPFeth-CB13-0176-aug",2013,"PONARfull"
"150","CB13-0177","CBay","invPFeth-CB13-0177-aug",2013,"PONARfull"
"151","CB13-0179","CBay","invPFeth-CB13-0179-aug",2013,"PONARfull"
"152","CB13-0180","CBay","invPFeth-CB13-0180-aug",2013,"PONARfull"
"153","CB13-0182","CBay","invPFeth-CB13-0182-aug",2013,"PONARfull"
"154","CB13-0185","CBay","invPFeth-CB13-0185-aug",2013,"PONARfull"
"155","CB13-0193","CBay","invPFeth-CB13-0193-aug",2013,"PONARfull"
"156","CB13-0197","CBay","invPFeth-CB13-0197-aug",2013,"PONARfull"
"157","CB13-0200","CBay","invPFeth-CB13-0200-aug",2013,"PONARfull"
"158","CB13-0200","CBay","invBSeth-CB13-0200-aug",2013,"benthicsled"
"159","CB13-0202","CBay","invPFeth-CB13-0202-aug",2013,"PONARfull"
"160","CB13-0204","CBay","invPFeth-CB13-0204-aug",2013,"PONARfull"
"161","CB13-0205","CBay","invPFeth-CB13-0205-aug",2013,"PONARfull"
"162","CB13-0207","CBay","invPFeth-CB13-0207-aug",2013,"PONARfull"
"163","CB13-0209","CBay","invPFeth-CB13-0209-aug",2013,"PONARfull"
"164","CB13-0212","CBay","invPFeth-CB13-0212-aug",2013,"PONARfull"
"165","CB13-0213","CBay","invPFeth-CB13-0213-aug",2013,"PONARfull"
"166","CB13-0224","CBay","invPFeth-CB13-0224-aug",2013,"PONARfull"
"167","CB13-0231","CBay","invPFeth-CB13-0231-aug",2013,"PONARfull"
"168","CB13-0235","CBay","invPFeth-CB13-0235-aug",2013,"PONARfull"
"169","CB13-0238","CBay","invPFeth-CB13-0238-aug",2013,"PONARfull"
"170","CB13-0240","CBay","invPFeth-CB13-0240-aug",2013,"PONARfull"
"171","CB13-0244","CBay","invPFeth-CB13-0244-aug",2013,"PONARfull"
"172","CB13-0257","CBay","invPFeth-CB13-0257-aug",2013,"PONARfull"
"173","CB13-0264","CBay","invPFeth-CB13-0264-aug",2013,"PONARfull"
"174","CB13-0265","CBay","invPFeth-CB13-0265-aug",2013,"PONARfull"
"175","CB13-0268","CBay","invPFeth-CB13-0268-aug",2013,"PONARfull"
"176","CB13-0268","CBay","invBSeth-CB13-0268-aug",2013,"benthicsled"
"177","CB13-0269","CBay","invPFeth-CB13-0269-aug",2013,"PONARfull"
"178","CB13-0273","CBay","invPFeth-CB13-0273-aug",2013,"PONARfull"
"179","CB13-0277","CBay","invPFeth-CB13-0277-aug",2013,"PONARfull"
"180","CB13-0280","CBay","invPFeth-CB13-0280-aug",2013,"PONARfull"
"181","CB13-0285","CBay","invPFeth-CB13-0285-aug",2013,"PONARfull"
"182","CB13-0288","CBay","invPFeth-CB13-0288-aug",2013,"PONARfull"
"183","CB13-0293","CBay","invPFeth-CB13-0293-aug",2013,"PONARfull"
"184","CB13-0293","CBay","invBSeth-CB13-0293-aug",2013,"benthicsled"
"185","CB13-0296","CBay","invPFeth-CB13-0296-aug",2013,"PONARfull"
"186","CB13-0308","CBay","invPFeth-CB13-0308-aug",2013,"PONARfull"
"187","CB13-0309","CBay","invPFeth-CB13-0309-aug",2013,"PONARfull"
"188","CB13-0318","CBay","invPFeth-CB13-0318-aug",2013,"PONARfull"
"189","CB13-0325","CBay","invPFeth-CB13-0325-aug",2013,"PONARfull"
"190","CB13-0328","CBay","invPFeth-CB13-0328-aug",2013,"PONARfull"
"191","CB13-0341","CBay","invPFeth-CB13-0341-aug",2013,"PONARfull"
"192","CB13-0342","CBay","invPFeth-CB13-0342-aug",2013,"PONARfull"
"193","CB13-0344","CBay","invPFeth-CB13-0344-aug",2013,"PONARfull"
"194","CB13-0349","CBay","invPFeth-CB13-0349-aug",2013,"PONARfull"
"195","CB13-0350","CBay","invPFeth-CB13-0350-aug",2013,"PONARfull"
"196","CB13-0351","CBay","invBSeth-CB13-0351-aug",2013,"benthicsled"
"197","CB13-0351","CBay","invPFeth-CB13-0351-aug",2013,"PONARfull"
"198","CB13-0353","CBay","invPFeth-CB13-0353-aug",2013,"PONARfull"
"199","CB13-0356","CBay","invPFeth-CB13-0356-aug",2013,"PONARfull"
"200","CB13-0385","CBay","invPFeth-CB13-0385-aug",2013,"PONARfull"
"201","CB13-0404","CBay","invPFeth-CB13-0404-aug",2013,"PONARfull"
"202","CB13-0417","CBay","invPFeth-CB13-0417-aug",2013,"PONARfull"
"203","CB13-0420","CBay","invPFeth-CB13-0420-aug",2013,"PONARfull"
"204","CB13-1501","CBay","invPFeth-CB13-1501-aug",2013,"PONARfull"
"205","CB13-1503","CBay","invPFeth-CB13-1503-aug",2013,"PONARfull"
"206","CB13-1504","CBay","invPFeth-CB13-1504-aug",2013,"PONARfull"
"207","CB13-1505","CBay","invPFeth-CB13-1505-aug",2013,"PONARfull"
"208","CB13-1506","CBay","invPFeth-CB13-1506-aug",2013,"PONARfull"
"209","CB13-1507","CBay","invPFeth-CB13-1507-aug",2013,"PONARfull"
"210","CB13-1508","CBay","invPFeth-CB13-1508-aug",2013,"PONARfull"
"211","CB13-1509","CBay","invPFeth-CB13-1509-aug",2013,"PONARfull"
"212","CB13-1510","CBay","invPFeth-CB13-1510-aug",2013,"PONARfull"
"213","CB13-1511","CBay","invPFeth-CB13-1511-aug",2013,"PONARfull"
"214","CB13-1512","CBay","invPFeth-CB13-1512-aug",2013,"PONARfull"
"215","CB13-1513","CBay","invPFeth-CB13-1513-aug",2013,"PONARfull"
"216","CB13-1514","CBay","invPFeth-CB13-1514-aug",2013,"PONARfull"
"217","CB13-1517","CBay","invPFeth-CB13-1517-aug",2013,"PONARfull"
"218","CB13-1517","CBay","invZTeth-CB13-1517-aug",2013,"zooptow"
"219","CB13-1518","CBay","invPFeth-CB13-1518-aug",2013,"PONARfull"
"220","CB13-1521","CBay","invBSeth-CB13-1521-aug",2013,"benthicsled"
"221","CB13-1521","CBay","invPFeth-CB13-1521-aug",2013,"PONARfull"
"222","CB13-1522","CBay","invPFeth-CB13-1522-aug",2013,"PONARfull"
"223","CB13-1526","CBay","invPFeth-CB13-1526-aug",2013,"PONARfull"
"224","CB13-1527","CBay","invPFeth-CB13-1527-aug",2013,"PONARfull"
"225","CB13-1529","CBay","invPFeth-CB13-1529-aug",2013,"PONARfull"
"226","CB13-1530","CBay","invPFeth-CB13-1530-aug",2013,"PONARfull"
"227","CB13-1532","CBay","invPFeth-CB13-1532-aug",2013,"PONARfull"
"228","CB13-1533","CBay","invPFeth-CB13-1533-aug",2013,"PONARfull"
"229","CB13-1538","CBay","invPFeth-CB13-1538-aug",2013,"PONARfull"
"230","CB13-1540","CBay","invPFeth-CB13-1540-aug",2013,"PONARfull"
"231","CB13-1542","CBay","invPFeth-CB13-1542-aug",2013,"PONARfull"
"232","CB13-1545","CBay","invPFeth-CB13-1545-aug",2013,"PONARfull"
"233","CB13-1546","CBay",NA,NA,NA
"234","CB13-1547","CBay",NA,NA,NA
"235","CB13-1549","CBay","invPFeth-CB13-1549-aug",2013,"PONARfull"
"236","CB13-1549","CBay","invBSeth-CB13-1549-aug",2013,"benthicsled"
"237","CB13-1550","CBay","invPFeth-CB13-1550-aug",2013,"PONARfull"
"238","CB13-1551","CBay","invPFeth-CB13-1551-aug",2013,"PONARfull"
"239","CB13-1552","CBay","invPFeth-CB13-1552-aug",2013,"PONARfull"
"240","CB13-1553","CBay","invPFeth-CB13-1553-aug",2013,"PONARfull"
"241","CB13-1554","CBay","invPFeth-CB13-1554-aug",2013,"PONARfull"
"242","CB13-1555","CBay","invPFeth-CB13-1555-aug",2013,"PONARfull"
"243","CB13-1555","CBay","invZTeth-CB13-1555-aug",2013,"zooptow"
"244","CB13-1557","CBay","invPFeth-CB13-1557-aug",2013,"PONARfull"
"245","CB13-1559","CBay","invPFeth-CB13-1559-aug",2013,"PONARfull"
"246","CB13-1560","CBay","invBSeth-CB13-1560-aug",2013,"benthicsled"
"247","CB13-1560","CBay","invPFeth-CB13-1560-aug",2013,"PONARfull"
"248","CB13-1562","CBay","invPFeth-CB13-1562-aug",2013,"PONARfull"
"249","CB13-1563","CBay","invPFeth-CB13-1563-aug",2013,"PONARfull"
"250","CB13-1564","CBay","invPFeth-CB13-1564-aug",2013,"PONARfull"
"251","CB13-1565","CBay","invPFeth-CB13-1565-aug",2013,"PONARfull"
"252","CB13-1570","CBay","invPFeth-CB13-1570-aug",2013,"PONARfull"
"253","CB13-1571","CBay","invPFeth-CB13-1571-aug",2013,"PONARfull"
"254","CB13-1572","CBay","invPFeth-CB13-1572-aug",2013,"PONARfull"
"255","CB13-1573","CBay","invPFeth-CB13-1573-aug",2013,"PONARfull"
"256","CB13-1574","CBay","invPFeth-CB13-1574-aug",2013,"PONARfull"
"257","CB13-1575","CBay","invPFeth-CB13-1575-aug",2013,"PONARfull"
"258","CB13-1578","CBay","invPFeth-CB13-1578-aug",2013,"PONARfull"
"259","CB13-1579","CBay","invPFeth-CB13-1579-aug",2013,"PONARfull"
"260","CB13-1580","CBay","invPFeth-CB13-1580-aug",2013,"PONARfull"
"261","CB13-1581","CBay","invPFeth-CB13-1581-aug",2013,"PONARfull"
"262","CB13-1585","CBay","invPFeth-CB13-1585-aug",2013,"PONARfull"
"263","CB13-1587","CBay","invPFeth-CB13-1587-aug",2013,"PONARfull"
"264","CB13-1589","CBay","invPFeth-CB13-1589-aug",2013,"PONARfull"
"265","CB13-1591","CBay","invPFeth-CB13-1591-aug",2013,"PONARfull"
"266","CB13-1593","CBay","invPFeth-CB13-1593-aug",2013,"PONARfull"
"267","CB13-1594","CBay","invPFeth-CB13-1594-aug",2013,"PONARfull"
"268","CB13-1595","CBay","invPFeth-CB13-1595-aug",2013,"PONARfull"
"269","CB13-1598","CBay","invPFeth-CB13-1598-aug",2013,"PONARfull"
"270","CB13-1599","CBay","invPFeth-CB13-1599-aug",2013,"PONARfull"
"271","CB13-1600","CBay","invBSeth-CB13-1600-aug",2013,"benthicsled"
"272","CB13-1600","CBay","invPFeth-CB13-1600-aug",2013,"PONARfull"
"273","CB13-1601","CBay",NA,NA,NA
"274","CB13-1603","CBay","invPFeth-CB13-1603-aug",2013,"PONARfull"
"275","CB13-1604","CBay","invPFeth-CB13-1604-aug",2013,"PONARfull"
"276","CB13-1605","CBay","invPFeth-CB13-1605-aug",2013,"PONARfull"
"277","CB13-1607","CBay","invPFeth-CB13-1607-aug",2013,"PONARfull"
"278","CB13-1609","CBay","invPFeth-CB13-1609-aug",2013,"PONARfull"
"279","CB13-1613","CBay","invPFeth-CB13-1613-aug",2013,"PONARfull"
"280","CB13-1614","CBay","invPFeth-CB13-1614-aug",2013,"PONARfull"
"281","CB13-1615","CBay","invPFeth-CB13-1615-aug",2013,"PONARfull"
"282","CB13-1616","CBay",NA,NA,NA
"283","CB13-1617","CBay","invPFeth-CB13-1617-aug",2013,"PONARfull"
"284","CB13-1618","CBay","invPFeth-CB13-1618-aug",2013,"PONARfull"
"285","CB13-1619","CBay","invPFeth-CB13-1619-aug",2013,"PONARfull"
"286","CB13-1622","CBay","invPFeth-CB13-1622-aug",2013,"PONARfull"
"287","CB13-1625","CBay","invPFeth-CB13-1625-aug",2013,"PONARfull"
"288","CB13-1626","CBay","invPFeth-CB13-1626-aug",2013,"PONARfull"
"289","CB13-1627","CBay","invPFeth-CB13-1627-aug",2013,"PONARfull"
"290","CB13-1628","CBay","invPFeth-CB13-1628-aug",2013,"PONARfull"
"291","CB13-1629","CBay","invPFeth-CB13-1629-aug",2013,"PONARfull"
"292","CB13-1631","CBay","invPFeth-CB13-1631-aug",2013,"PONARfull"
"293","CB13-1633","CBay","invPFeth-CB13-1633-aug",2013,"PONARfull"
"294","CB13-1634","CBay","invPFeth-CB13-1634-aug",2013,"PONARfull"
"295","CB13-1637","CBay","invPFeth-CB13-1637-aug",2013,"PONARfull"
"296","CB13-1640","CBay","invPFeth-CB13-1640-aug",2013,"PONARfull"
"297","CB13-1644","CBay","invPFeth-CB13-1644-aug",2013,"PONARfull"
"298","CB13-1649","CBay","invPFeth-CB13-1649-aug",2013,"PONARfull"
"299","CB13-1651","CBay","invPFeth-CB13-1651-aug",2013,"PONARfull"
"300","CB13-1652","CBay","invPFeth-CB13-1652-aug",2013,"PONARfull"
"301","CB13-1656","CBay","invPFeth-CB13-1656-aug",2013,"PONARfull"
"302","CB13-Z1","LSup","invZTeth-CB13-Z1-aug",2013,"zooptow"
"303","CB13-Z2","LSup","invZTeth-CB13-Z2-aug",2013,"zooptow"
"304","CB13-Z3","LSup","invZTeth-CB13-Z3-aug",2013,"zooptow"
"305","CB13-Z4","LSup","invZTeth-CB13-Z4-aug",2013,"zooptow"
"306","CB13-Z5","LSup","invZTeth-CB13-Z5-aug",2013,"zooptow"
"307","IR12-001","IR","invHDfor-IR12-001-aug",2012,"hesterdendy"
"308","IR12-001","IR","invPFfor-IR12-001-aug",2012,"PONARfull"
"309","IR12-001","IR","invPFeth-IR12-001-aug",2012,"PONARfull"
"310","IR12-002","IR","invPFeth-IR12-002-jul",2012,"PONARfull"
"311","IR12-002","IR","invPFfor-IR12-002-aug",2012,"PONARfull"
"312","IR12-002","IR","invRBeth-IR12-002-aug",2012,"rockbag"
"313","IR12-002","IR","invPFeth-IR12-002-aug",2012,"PONARfull"
"314","IR12-002","IR","invPFfor-IR12-002-jul",2012,"PONARfull"
"315","IR12-002","IR","invHDfor-IR12-002-aug",2012,"hesterdendy"
"316","IR12-002","IR","invRBfor-IR12-002-aug",2012,"rockbag"
"317","IR12-002","IR","invHDeth-IR12-002-aug",2012,"hesterdendy"
"318","IR12-003","IR","invHDfor-IR12-003-aug",2012,"hesterdendy"
"319","IR12-003","IR","invLTeth-IR12-003-aug",2012,"lighttrap"
"320","IR12-004","IR","invZTfor-IR12-004-jul",2012,"zooptow"
"321","IR12-004","IR","invHDfor-IR12-004-aug",2012,"hesterdendy"
"322","IR12-004","IR","invZTeth-IR12-004-jul",2012,"zooptow"
"323","IR12-004","IR","invPFeth-IR12-004-aug",2012,"PONARfull"
"324","IR12-004","IR","invPFfor-IR12-004-aug",2012,"PONARfull"
"325","IR12-005","IR","invHDfor-IR12-005-aug",2012,"hesterdendy"
"326","IR12-005","IR","invRBeth-IR12-005-aug",2012,"rockbag"
"327","IR12-005","IR","invHDeth-IR12-005-aug",2012,"hesterdendy"
"328","IR12-005","IR","invPFfor-IR12-005-aug",2012,"PONARfull"
"329","IR12-005","IR","invRBfor-IR12-005-aug",2012,"rockbag"
"330","IR12-005","IR","invPFeth-IR12-005-jul",2012,"PONARfull"
"331","IR12-005","IR","invPFfor-IR12-005-jul",2012,"PONARfull"
"332","IR12-005","IR","invPFeth-IR12-005-aug",2012,"PONARfull"
"333","IR12-006","IR","invRBfor-IR12-006-aug",2012,"rockbag"
"334","IR12-006","IR","invPFfor-IR12-006-aug",2012,"PONARfull"
"335","IR12-006","IR","invPFeth-IR12-006-aug",2012,"PONARfull"
"336","IR12-007","IR","invHDfor-IR12-007-aug",2012,"hesterdendy"
"337","IR12-007","IR","invLTeth-IR12-007-aug",2012,"lighttrap"
"338","IR12-007","IR","invRBfor-IR12-007-aug",2012,"rockbag"
"339","IR12-007","IR","invHDeth-IR12-007-aug",2012,"hesterdendy"
"340","IR12-008","IR","invRBfor-IR12-008-aug",2012,"rockbag"
"341","IR12-008","IR","invLTeth-IR12-008-aug",2012,"lighttrap"
"342","IR12-009","IR","invPFeth-IR12-009-jul",2012,"PONARfull"
"343","IR12-009","IR","invPFfor-IR12-009-jul",2012,"PONARfull"
"344","IR12-009","IR","invSWeth-IR12-009-jul",2012,"sweepnet"
"345","IR12-009","IR","invLTeth-IR12-009-aug",2012,"lighttrap"
"346","IR12-010","IR","invPFeth-IR12-010-aug",2012,"PONARfull"
"347","IR12-010","IR","invPFfor-IR12-010-aug",2012,"PONARfull"
"348","IR12-011","IR","invPFfor-IR12-011-aug",2012,"PONARfull"
"349","IR12-012","IR","invLTeth-IR12-012-aug",2012,"lighttrap"
"350","IR12-012","IR","invPFfor-IR12-012-jul",2012,"PONARfull"
"351","IR12-012","IR","invSWeth-IR12-012-jul",2012,"sweepnet"
"352","IR12-013","IR","invRBfor-IR12-013-aug",2012,"rockbag"
"353","IR12-013","IR","invPFeth-IR12-013-aug",2012,"PONARfull"
"354","IR12-013","IR","invPFfor-IR12-013-aug",2012,"PONARfull"
"355","IR12-013","IR","invVMfor-IR12-013-jul",2012,"vacuum"
"356","IR12-014","IR","invPFfor-IR12-014-aug",2012,"PONARfull"
"357","IR12-014","IR","invPFeth-IR12-014-aug",2012,"PONARfull"
"358","IR12-014","IR","invZTfor-IR12-014-jul",2012,"zooptow"
"359","IR12-015","IR","invPFfor-IR12-015-jul",2012,"PONARfull"
"360","IR12-015","IR","invPFeth-IR12-015-jul",2012,"PONARfull"
"361","IR12-016","IR","invPFfor-IR12-016-aug",2012,"PONARfull"
"362","IR12-016","IR","invPFeth-IR12-016-aug",2012,"PONARfull"
"363","IR12-017","IR","invPFeth-IR12-017-aug",2012,"PONARfull"
"364","IR12-017","IR","invPFfor-IR12-017-aug",2012,"PONARfull"
"365","IR12-018","IR","invPFfor-IR12-018-jul",2012,"PONARfull"
"366","IR12-018","IR","invPFeth-IR12-018-jul",2012,"PONARfull"
"367","IR12-019","IR","invVMfor-IR12-019-aug",2012,"vacuum"
"368","IR12-020","IR",NA,NA,NA
"369","IR12-021","IR","invPFfor-IR12-021-aug",2012,"PONARfull"
"370","IR12-021","IR","invPFeth-IR12-021-aug",2012,"PONARfull"
"371","IR12-022","IR","invLTeth-IR12-022-aug",2012,"lighttrap"
"372","IR12-023","IR","invLTeth-IR12-023-aug",2012,"lighttrap"
"373","IR12-024","IR","invLTeth-IR12-024-aug",2012,"lighttrap"
"374","IR12-025","IR","invPFfor-IR12-025-aug",2012,"PONARfull"
"375","IR12-025","IR","invPFeth-IR12-025-aug",2012,"PONARfull"
"376","IR12-026","IR","invPFfor-IR12-026-aug",2012,"PONARfull"
"377","IR12-027","IR","invVMfor-IR12-027-aug",2012,"vacuum"
"378","IR12-028","IR","invLTeth-IR12-028-aug",2012,"lighttrap"
"379","IR12-029","IR","invSWeth-IR12-029-jul",2012,"sweepnet"
"380","IR12-029","IR","invLTeth-IR12-029-aug",2012,"lighttrap"
"381","IR12-030","IR","invPFfor-IR12-030-aug",2012,"PONARfull"
"382","IR12-031","IR","invPFeth-IR12-031-aug",2012,"PONARfull"
"383","IR12-031","IR","invPFfor-IR12-031-aug",2012,"PONARfull"
"384","IR12-032","IR","invVMfor-IR12-032-aug",2012,"vacuum"
"385","IR12-033","IR","invPFfor-IR12-033-aug",2012,"PONARfull"
"386","IR12-034","IR","invPFfor-IR12-034-aug",2012,"PONARfull"
"387","IR12-035","IR","invLTeth-IR12-035-aug",2012,"lighttrap"
"388","IR12-036","IR","invLTeth-IR12-036-aug",2012,"lighttrap"
"389","IR12-037","IR","invLTeth-IR12-037-aug",2012,"lighttrap"
"390","IR12-038","IR","invVMfor-IR12-038-aug",2012,"vacuum"
"391","IR12-039","IR","invPFfor-IR12-039-aug",2012,"PONARfull"
"392","IR12-040","IR","invLTeth-IR12-040-aug",2012,"lighttrap"
"393","IR12-041","IR","invHDfor-IR12-041-aug",2012,"hesterdendy"
"394","IR12-041","IR","invVMfor-IR12-041-aug",2012,"vacuum"
"395","IR12-042","IR","invHDfor-IR12-042-aug",2012,"hesterdendy"
"396","IR12-042","IR","invLTeth-IR12-042-aug",2012,"lighttrap"
"397","IR12-043","IR","invZTfor-IR12-043-jul",2012,"zooptow"
"398","IR12-043","IR","invHDfor-IR12-043-aug",2012,"hesterdendy"
"399","IR12-043","IR","invPFfor-IR12-043-aug",2012,"PONARfull"
"400","IR12-043","IR","invPFfor-IR12-043-jul",2012,"PONARfull"
"401","IR12-043","IR","invPFeth-IR12-043-aug",2012,"PONARfull"
"402","IR12-043","IR","invPFeth-IR12-043-jul",2012,"PONARfull"
"403","IR12-044","IR","invRBeth-IR12-044-aug",2012,"rockbag"
"404","IR12-044","IR","invRBfor-IR12-044-aug",2012,"rockbag"
"405","IR12-044","IR","invPFfor-IR12-044-aug",2012,"PONARfull"
"406","IR12-044","IR","invPFeth-IR12-044-aug",2012,"PONARfull"
"407","IR12-044","IR","invHDfor-IR12-044-aug",2012,"hesterdendy"
"408","IR12-044","IR","invHDeth-IR12-044-aug",2012,"hesterdendy"
"409","IR12-045","IR","invRBfor-IR12-045-aug",2012,"rockbag"
"410","IR12-045","IR","invPFeth-IR12-045-aug",2012,"PONARfull"
"411","IR12-045","IR","invZTeth-IR12-045-jul",2012,"zooptow"
"412","IR12-045","IR","invZTfor-IR12-045-jul",2012,"zooptow"
"413","IR12-045","IR","invPFfor-IR12-045-aug",2012,"PONARfull"
"414","IR12-046","IR","invRBfor-IR12-046-aug",2012,"rockbag"
"415","IR12-046","IR","invHDeth-IR12-046-aug",2012,"hesterdendy"
"416","IR12-046","IR","invLTeth-IR12-046-aug",2012,"lighttrap"
"417","IR12-046","IR","invHDfor-IR12-046-aug",2012,"hesterdendy"
"418","IR12-046","IR","invRBeth-IR12-046-aug",2012,"rockbag"
"419","IR12-047","IR","invPFfor-IR12-047-aug",2012,"PONARfull"
"420","IR12-047","IR","invPFeth-IR12-047-aug",2012,"PONARfull"
"421","IR12-048","IR","invPFeth-IR12-048-aug",2012,"PONARfull"
"422","IR12-048","IR","invPFfor-IR12-048-aug",2012,"PONARfull"
"423","IR12-049","IR","invVMfor-IR12-049-aug",2012,"vacuum"
"424","IR12-050","IR","invRBfor-IR12-050-aug",2012,"rockbag"
"425","IR12-050","IR","invSWeth-IR12-050-jul",2012,"sweepnet"
"426","IR12-050","IR","invLTeth-IR12-050-aug",2012,"lighttrap"
"427","IR12-051","IR","invLTeth-IR12-051-aug",2012,"lighttrap"
"428","IR12-052","IR","invPFeth-IR12-052-aug",2012,"PONARfull"
"429","IR12-052","IR","invPFfor-IR12-052-aug",2012,"PONARfull"
"430","IR12-053","IR","invHDeth-IR12-053-aug",2012,"hesterdendy"
"431","IR12-053","IR","invHDfor-IR12-053-aug",2012,"hesterdendy"
"432","IR12-053","IR","invZTfor-IR12-053-jul",2012,"zooptow"
"433","IR12-053","IR","invPFeth-IR12-053-aug",2012,"PONARfull"
"434","IR12-053","IR","invPFfor-IR12-053-aug",2012,"PONARfull"
"435","IR12-053","IR","invRBfor-IR12-053-aug",2012,"rockbag"
"436","IR12-053","IR","invZTeth-IR12-053-jul",2012,"zooptow"
"437","IR12-054","IR","invPFeth-IR12-054-jul",2012,"PONARfull"
"438","IR12-054","IR","invPFfor-IR12-054-jul",2012,"PONARfull"
"439","IR12-054","IR","invLTeth-IR12-054-jul",2012,"lighttrap"
"440","IR12-055","IR","invRBfor-IR12-055-aug",2012,"rockbag"
"441","IR12-055","IR","invPFeth-IR12-055-aug",2012,"PONARfull"
"442","IR12-055","IR","invPFfor-IR12-055-aug",2012,"PONARfull"
"443","IR12-056","IR","invPFfor-IR12-056-aug",2012,"PONARfull"
"444","IR12-056","IR","invPFeth-IR12-056-aug",2012,"PONARfull"
"445","IR12-056","IR","invZTeth-IR12-056-jul",2012,"zooptow"
"446","IR12-056","IR","invZTfor-IR12-056-jul",2012,"zooptow"
"447","IR12-057","IR","invVMfor-IR12-057-aug",2012,"vacuum"
"448","IR12-058","IR","invPFfor-IR12-058-jul",2012,"PONARfull"
"449","IR12-058","IR","invPFeth-IR12-058-jul",2012,"PONARfull"
"450","IR12-059","IR","invLTeth-IR12-059-aug",2012,"lighttrap"
"451","IR12-060","IR","invPFfor-IR12-060-aug",2012,"PONARfull"
"452","IR12-060","IR","invPFeth-IR12-060-aug",2012,"PONARfull"
"453","IR12-061","IR","invLTeth-IR12-061-aug",2012,"lighttrap"
"454","IR12-062","IR","invSWeth-IR12-062-aug",2012,"sweepnet"
"455","IR12-062","IR","invVMfor-IR12-062-aug",2012,"vacuum"
"456","IR12-063","IR","invPFfor-IR12-063-aug",2012,"PONARfull"
"457","IR12-064","IR","invPFeth-IR12-064-aug",2012,"PONARfull"
"458","IR12-064","IR","invPFfor-IR12-064-aug",2012,"PONARfull"
"459","IR12-065","IR","invVMfor-IR12-065-aug",2012,"vacuum"
"460","IR12-066","IR","invLTeth-IR12-066-aug",2012,"lighttrap"
"461","IR12-067","IR","invSWeth-IR12-067-aug",2012,"sweepnet"
"462","IR12-067","IR","invLTeth-IR12-067-jul",2012,"lighttrap"
"463","IR12-068","IR","invPFfor-IR12-068-aug",2012,"PONARfull"
"464","IR12-069","IR","invVMfor-IR12-069-aug",2012,"vacuum"
"465","IR12-070","IR","invVMfor-IR12-070-aug",2012,"vacuum"
"466","IR12-071","IR","invLTeth-IR12-071-aug",2012,"lighttrap"
"467","IR12-072","IR","invPFfor-IR12-072-jul",2012,"PONARfull"
"468","IR12-072","IR","invPFeth-IR12-072-jul",2012,"PONARfull"
"469","IR12-073","IR","invVMfor-IR12-073-aug",2012,"vacuum"
"470","IR12-074","IR","invLTeth-IR12-074-aug",2012,"lighttrap"
"471","IR12-075","IR","invLTeth-IR12-075-aug",2012,"lighttrap"
"472","IR12-076","IR","invPFfor-IR12-076-aug",2012,"PONARfull"
"473","IR12-076","IR","invPFeth-IR12-076-aug",2012,"PONARfull"
"474","IR12-076","IR","invSWeth-IR12-076-aug",2012,"sweepnet"
"475","IR12-077","IR","invPFeth-IR12-077-jul",2012,"PONARfull"
"476","IR12-077","IR","invSWeth-IR12-077-aug",2012,"sweepnet"
"477","IR12-077","IR","invLTeth-IR12-077-aug",2012,"lighttrap"
"478","IR12-077","IR","invPFfor-IR12-077-jul",2012,"PONARfull"
"479","IR12-078","IR",NA,NA,NA
"480","IR12-079","IR","invLTeth-IR12-079-aug",2012,"lighttrap"
"481","IR12-079","IR","invSWeth-IR12-079-jul",2012,"sweepnet"
"482","IR12-080","IR","invPFfor-IR12-080-aug",2012,"PONARfull"
"483","IR12-081","IR","invVMfor-IR12-081-aug",2012,"vacuum"
"484","IR12-081","IR","invHDfor-IR12-081-aug",2012,"hesterdendy"
"485","IR12-082","IR",NA,NA,NA
"486","IR12-083","IR","invHDfor-IR12-083-aug",2012,"hesterdendy"
"487","IR12-083","IR","invHDeth-IR12-083-aug",2012,"hesterdendy"
"488","IR12-083","IR","invRBfor-IR12-083-aug",2012,"rockbag"
"489","IR12-083","IR","invSWeth-IR12-083-jul",2012,"sweepnet"
"490","IR12-083","IR","invRBeth-IR12-083-aug",2012,"rockbag"
"491","IR12-084","IR","invPFfor-IR12-084-aug",2012,"PONARfull"
"492","IR12-085","IR",NA,NA,NA
"493","IR12-086","IR","invPFeth-IR12-086-aug",2012,"PONARfull"
"494","IR12-086","IR","invPFeth-IR12-086-jul",2012,"PONARfull"
"495","IR12-086","IR","invRBfor-IR12-086-aug",2012,"rockbag"
"496","IR12-086","IR","invHDfor-IR12-086-aug",2012,"hesterdendy"
"497","IR12-086","IR","invRBeth-IR12-086-aug",2012,"rockbag"
"498","IR12-086","IR","invZTfor-IR12-086-jul",2012,"zooptow"
"499","IR12-086","IR","invPFfor-IR12-086-jul",2012,"PONARfull"
"500","IR12-086","IR","invHDeth-IR12-086-aug",2012,"hesterdendy"
"501","IR12-086","IR","invPFfor-IR12-086-aug",2012,"PONARfull"
"502","IR12-087","IR",NA,NA,NA
"503","IR12-088","IR","invVMfor-IR12-088-aug",2012,"vacuum"
"504","IR12-088","IR","invRBeth-IR12-088-aug",2012,"rockbag"
"505","IR12-088","IR","invZTfor-IR12-088-jul",2012,"zooptow"
"506","IR12-088","IR","invRBfor-IR12-088-aug",2012,"rockbag"
"507","IR12-088","IR","invHDeth-IR12-088-aug",2012,"hesterdendy"
"508","IR12-088","IR","invHDfor-IR12-088-aug",2012,"hesterdendy"
"509","IR12-089","IR","invRBfor-IR12-089-aug",2012,"rockbag"
"510","IR12-089","IR","invVMfor-IR12-089-aug",2012,"vacuum"
"511","IR12-090","IR",NA,NA,NA
"512","IR12-091","IR","invZTfor-IR12-091-jul",2012,"zooptow"
"513","IR12-091","IR","invPFfor-IR12-091-aug",2012,"PONARfull"
"514","IR12-092","IR","invVMfor-IR12-092-aug",2012,"vacuum"
"515","IR12-093","IR","invLTeth-IR12-093-aug",2012,"lighttrap"
"516","IR12-094","IR","invLTeth-IR12-094-aug",2012,"lighttrap"
"517","IR12-095","IR","invPFeth-IR12-095-jul",2012,"PONARfull"
"518","IR12-095","IR","invZTfor-IR12-095-jul",2012,"zooptow"
"519","IR12-095","IR","invPFfor-IR12-095-jul",2012,"PONARfull"
"520","IR12-096","IR","invLTeth-IR12-096-aug",2012,"lighttrap"
"521","IR12-097","IR","invVMfor-IR12-097-aug",2012,"vacuum"
"522","IR12-098","IR","invPFfor-IR12-098-aug",2012,"PONARfull"
"523","IR12-099","IR","invVMfor-IR12-099-aug",2012,"vacuum"
"524","IR12-100","IR","invVMfor-IR12-100-aug",2012,"vacuum"
"525","IR12-101","IR","invLTeth-IR12-101-aug",2012,"lighttrap"
"526","IR12-102","IR","invPFfor-IR12-102-aug",2012,"PONARfull"
"527","IR12-103","IR","invLTeth-IR12-103-aug",2012,"lighttrap"
"528","IR12-104","IR","invLTeth-IR12-104-aug",2012,"lighttrap"
"529","IR12-105","IR","invLTeth-IR12-105-aug",2012,"lighttrap"
"530","IR12-106","IR","invLTeth-IR12-106-aug",2012,"lighttrap"
"531","IR12-107","IR","invLTeth-IR12-107-aug",2012,"lighttrap"
"532","IR12-108","IR","invVMfor-IR12-108-aug",2012,"vacuum"
"533","IR12-109","IR","invVMfor-IR12-109-aug",2012,"vacuum"
"534","IR12-110","IR","invLTeth-IR12-110-aug",2012,"lighttrap"
"535","IR12-111","IR","invLTeth-IR12-111-aug",2012,"lighttrap"
"536","IR12-112","IR","invVMfor-IR12-112-aug",2012,"vacuum"
"537","IR12-113","IR","invVMfor-IR12-113-aug",2012,"vacuum"
"538","IR12-114","IR","invPFfor-IR12-114-aug",2012,"PONARfull"
"539","IR12-115","IR","invVMfor-IR12-115-aug",2012,"vacuum"
"540","IR12-116","IR","invVMfor-IR12-116-aug",2012,"vacuum"
"541","IR12-117","IR","invPFfor-IR12-117-jul",2012,"PONARfull"
"542","IR12-117","IR","invPFeth-IR12-117-jul",2012,"PONARfull"
"543","IR12-117","IR","invPFfor-IR12-117-aug",2012,"PONARfull"
"544","IR12-118","IR","invPFfor-IR12-118-aug",2012,"PONARfull"
"545","IR12-119","IR","invLTeth-IR12-119-aug",2012,"lighttrap"
"546","IR12-120","IR","invPFfor-IR12-120-aug",2012,"PONARfull"
"547","IR12-121","IR",NA,NA,NA
"548","IR12-122","IR",NA,NA,NA
"549","IR12-123","IR","invHDfor-IR12-123-aug",2012,"hesterdendy"
"550","IR12-124","IR","invHDeth-IR12-124-aug",2012,"hesterdendy"
"551","IR12-124","IR","invRBfor-IR12-124-aug",2012,"rockbag"
"552","IR12-124","IR","invHDfor-IR12-124-aug",2012,"hesterdendy"
"553","IR12-124","IR","invRBeth-IR12-124-aug",2012,"rockbag"
"554","IR12-125","IR","invHDeth-IR12-125-aug",2012,"hesterdendy"
"555","IR12-125","IR","invHDfor-IR12-125-aug",2012,"hesterdendy"
"556","IR12-125","IR","invRBfor-IR12-125-aug",2012,"rockbag"
"557","IR12-125","IR","invRBeth-IR12-125-aug",2012,"rockbag"
"558","IR12-127","IR",NA,NA,NA
"559","IR12-128","IR","invHDfor-IR12-128-aug",2012,"hesterdendy"
"560","IR12-128","IR","invRBeth-IR12-128-aug",2012,"rockbag"
"561","IR12-128","IR","invRBfor-IR12-128-aug",2012,"rockbag"
"562","IR12-128","IR","invHDeth-IR12-128-aug",2012,"hesterdendy"
"563","IR12-129","IR",NA,NA,NA
"564","IR12-130","IR",NA,NA,NA
"565","IR12-131","IR","invRBfor-IR12-131-aug",2012,"rockbag"
"566","IR12-132","IR",NA,NA,NA
"567","IR12-133","IR",NA,NA,NA
"568","IR12-134","IR",NA,NA,NA
"569","IR12-135","IR",NA,NA,NA
"570","IR12-136","IR",NA,NA,NA
"571","IR12-137","IR",NA,NA,NA
"572","IR12-138","IR",NA,NA,NA
"573","IR12-139","IR",NA,NA,NA
"574","IR12-140","IR",NA,NA,NA
"575","IR12-141","IR",NA,NA,NA
"576","IR12-142","IR",NA,NA,NA
"577","IR12-143","IR",NA,NA,NA
"578","IR12-144","IR",NA,NA,NA
"579","IR12-145","IR",NA,NA,NA
"580","IR12-146","IR",NA,NA,NA
"581","IR12-147","IR",NA,NA,NA
"582","IR12-148","IR",NA,NA,NA
"583","IR12-149","IR",NA,NA,NA
"584","IR12-150","IR",NA,NA,NA
"585","IR12-151","IR",NA,NA,NA
"586","IR12-152","IR",NA,NA,NA
"587","IR12-153","IR",NA,NA,NA
"588","IR12-154","IR",NA,NA,NA
"589","IR12-156","IR",NA,NA,NA
"590","IR12-158","IR",NA,NA,NA
"591","IR12-159","IR",NA,NA,NA
"592","IR12-160","IR",NA,NA,NA
"593","IR12-161","IR","invLTeth-IR12-161-aug",2012,"lighttrap"
"594","IR12-162","IR","invLTeth-IR12-162-aug",2012,"lighttrap"
"595","IR12-162","IR","invHDfor-IR12-162-aug",2012,"hesterdendy"
"596","IR12-162","IR","invRBfor-IR12-162-aug",2012,"rockbag"
"597","IR12-162","IR","invRBeth-IR12-162-aug",2012,"rockbag"
"598","IR12-162","IR","invHDeth-IR12-162-aug",2012,"hesterdendy"
"599","IR12-163","IR","invPFeth-IR12-163-aug",2012,"PONARfull"
"600","IR12-163","IR","invPFeth-IR12-163-jul",2012,"PONARfull"
"601","IR12-163","IR","invPFfor-IR12-163-aug",2012,"PONARfull"
"602","IR12-163","IR","invPFfor-IR12-163-jul",2012,"PONARfull"
"603","IR12-164","IR","invLTeth-IR12-164-aug",2012,"lighttrap"
"604","IR12-165","IR","invRBfor-IR12-165-aug",2012,"rockbag"
"605","IR12-165","IR","invPFfor-IR12-165-aug",2012,"PONARfull"
"606","IR12-166","IR",NA,NA,NA
"607","IR12-167","IR","invLTeth-IR12-167-aug",2012,"lighttrap"
"608","IR12-168","IR","invHDfor-IR12-168-aug",2012,"hesterdendy"
"609","IR12-168","IR","invPFfor-IR12-168-aug",2012,"PONARfull"
"610","IR12-168","IR","invZTfor-IR12-168-jul",2012,"zooptow"
"611","IR12-168","IR","invPFeth-IR12-168-jul3",2012,"PONARfull"
"612","IR12-168","IR","invPFeth-IR12-168-aug",2012,"PONARfull"
"613","IR12-168","IR","invRBfor-IR12-168-aug",2012,"rockbag"
"614","IR12-168","IR","invRBeth-IR12-168-aug",2012,"rockbag"
"615","IR12-168","IR","invPFfor-IR12-168-jul",2012,"PONARfull"
"616","IR12-168","IR","invHDeth-IR12-168-aug",2012,"hesterdendy"
"617","IR12-168","IR","invPFeth-IR12-168-jul1",2012,"PONARfull"
"618","IR12-168","IR","invPFeth-IR12-168-jul2",2012,"PONARfull"
"619","IR12-169","IR","invPFeth-IR12-169-jul",2012,"PONARfull"
"620","IR12-169","IR","invPFfor-IR12-169-jul",2012,"PONARfull"
"621","IR12-170","IR","invLTeth-IR12-170-aug",2012,"lighttrap"
"622","IR12-171","IR","invPFfor-IR12-171-aug",2012,"PONARfull"
"623","IR12-172","IR","invLTeth-IR12-172-aug",2012,"lighttrap"
"624","IR12-173","IR",NA,NA,NA
"625","IR12-174","IR","invLTeth-IR12-174-aug",2012,"lighttrap"
"626","IR12-175","IR","invPFfor-IR12-175-aug",2012,"PONARfull"
"627","IR12-176","IR","invLTeth-IR12-176-aug",2012,"lighttrap"
"628","IR12-177","IR","invPFfor-IR12-177-aug",2012,"PONARfull"
"629","IR12-178","IR","invPFfor-IR12-178-aug",2012,"PONARfull"
"630","IR12-179","IR","invVMfor-IR12-179-aug",2012,"vacuum"
"631","IR12-180","IR","invPFfor-IR12-180-aug",2012,"PONARfull"
"632","IR12-181","IR",NA,NA,NA
"633","IR12-182","IR","invPFfor-IR12-182-aug",2012,"PONARfull"
"634","IR12-183","IR","invLTeth-IR12-183-aug",2012,"lighttrap"
"635","IR12-184","IR",NA,NA,NA
"636","IR12-185","IR","invPFfor-IR12-185-aug",2012,"PONARfull"
"637","IR12-186","IR","invPFfor-IR12-186-aug",2012,"PONARfull"
"638","IR12-187","IR","invLTeth-IR12-187-aug",2012,"lighttrap"
"639","IR12-188","IR","invPFfor-IR12-188-aug",2012,"PONARfull"
"640","IR12-189","IR","invPFfor-IR12-189-aug",2012,"PONARfull"
"641","IR12-190","IR","invLTeth-IR12-190-aug",2012,"lighttrap"
"642","IR12-191","IR","invPFfor-IR12-191-aug",2012,"PONARfull"
"643","IR12-192","IR","invSWeth-IR12-192-jul",2012,"sweepnet"
"644","IR12-193","IR","invVMfor-IR12-193-aug",2012,"vacuum"
"645","IR12-194","IR","invVMfor-IR12-194-aug",2012,"vacuum"
"646","IR12-194","IR","invHDfor-IR12-194-aug",2012,"hesterdendy"
"647","IR12-194","IR","invLTeth-IR12-194-aug",2012,"lighttrap"
"648","IR12-195","IR","invVMfor-IR12-195-aug",2012,"vacuum"
"649","IR12-196","IR","invPFfor-IR12-196-aug",2012,"PONARfull"
"650","IR12-197","IR","invPFfor-IR12-197-aug",2012,"PONARfull"
"651","IR12-198","IR","invPFfor-IR12-198-aug",2012,"PONARfull"
"652","IR12-199","IR","invPFfor-IR12-199-aug",2012,"PONARfull"
"653","IR12-200","IR","invRBfor-IR12-200-aug",2012,"rockbag"
"654","IR12-200","IR","invPFeth-IR12-200-aug",2012,"PONARfull"
"655","IR12-200","IR","invHDeth-IR12-200-aug",2012,"hesterdendy"
"656","IR12-200","IR","invRBeth-IR12-200-aug",2012,"rockbag"
"657","IR12-200","IR","invHDfor-IR12-200-aug",2012,"hesterdendy"
"658","IR12-200","IR","invPFfor-IR12-200-aug",2012,"PONARfull"
"659","IR12-211","IR","invPFfor-IR12-211-aug",2012,"PONARfull"
"660","IR12-214","IR","invPFfor-IR12-214-aug",2012,"PONARfull"
"661","IR12-229","IR","invPFfor-IR12-229-aug",2012,"PONARfull"
"662","IR12-309","IR","invSWeth-IR12-309-aug",2012,"sweepnet"
"663","IR12-313","IR","invSWeth-IR12-313-aug",2012,"sweepnet"
"664","IR12-345","IR","invSWeth-IR12-345-aug",2012,"sweepnet"
"665","IR12-508","IR","invSWeth-IR12-508-aug",2012,"sweepnet"
"666","IR12-516","IR","invSWeth-IR12-516-aug",2012,"sweepnet"
"667","IR12-704","IR","invSWeth-IR12-704-aug",2012,"sweepnet"
"668","IR12-720","IR","invSWeth-IR12-720-aug",2012,"sweepnet"
"669","SL12-001","SLRE","invPPfor-SL12-001-sep",2012,"PONARpetite"
"670","SL12-002","SLRE","invPPfor-SL12-002-sep",2012,"PONARpetite"
"671","SL12-003","SLRE","invPPfor-SL12-003-sep",2012,"PONARpetite"
"672","SL12-004","SLRE","invPPfor-SL12-004-sep",2012,"PONARpetite"
"673","SL12-005","SLRE","invPPfor-SL12-005-sep",2012,"PONARpetite"
"674","SL12-006","SLRE","invPPfor-SL12-006-sep",2012,"PONARpetite"
"675","SL12-007","SLRE","invPPfor-SL12-007-sep",2012,"PONARpetite"
"676","SL12-007","SLRE","invHDfor-SL12-007-sep",2012,"hesterdendy"
"677","SL12-008","SLRE","invHDfor-SL12-008-sep",2012,"hesterdendy"
"678","SL12-008","SLRE","invPPfor-SL12-008-sep",2012,"PONARpetite"
"679","SL12-009","SLRE","invPPfor-SL12-009-sep",2012,"PONARpetite"
"680","SL12-010","SLRE","invHDfor-SL12-010-sep",2012,"hesterdendy"
"681","SL12-010","SLRE","invPPfor-SL12-010-sep",2012,"PONARpetite"
"682","SL12-011","SLRE","invSWfor-SL12-011-sep",2012,"sweepnet"
"683","SL12-011","SLRE","invPPfor-SL12-011-sep",2012,"PONARpetite"
"684","SL12-011","SLRE","invHDfor-SL12-011-sep",2012,"hesterdendy"
"685","SL12-012","SLRE","invSWfor-SL12-012-sep",2012,"sweepnet"
"686","SL12-012","SLRE","invPPfor-SL12-012-sep",2012,"PONARpetite"
"687","SL12-013","SLRE","invPPfor-SL12-013-sep",2012,"PONARpetite"
"688","SL12-014","SLRE","invPPfor-SL12-014-sep",2012,"PONARpetite"
"689","SL12-014","SLRE","invHDfor-SL12-014-sep",2012,"hesterdendy"
"690","SL12-015","SLRE","invPPfor-SL12-015-sep",2012,"PONARpetite"
"691","SL12-016","SLRE","invPPfor-SL12-016-sep",2012,"PONARpetite"
"692","SL12-017","SLRE","invPPfor-SL12-017-sep",2012,"PONARpetite"
"693","SL12-017","SLRE","invHDfor-SL12-017-sep",2012,"hesterdendy"
"694","SL12-018","SLRE","invPPfor-SL12-018-sep",2012,"PONARpetite"
"695","SL12-018","SLRE","invSWfor-SL12-018-sep",2012,"sweepnet"
"696","SL12-018","SLRE","invHDfor-SL12-018-sep",2012,"hesterdendy"
"697","SL12-019","SLRE","invPPfor-SL12-019-sep",2012,"PONARpetite"
"698","SL12-019","SLRE","invBSeth-SL12-019-sep",2012,"benthicsled"
"699","SL12-020","SLRE","invBSeth-SL12-020-sep",2012,"benthicsled"
"700","SL12-020","SLRE","invPPfor-SL12-020-sep",2012,"PONARpetite"
"701","SL12-021","SLRE","invHDfor-SL12-021-sep",2012,"hesterdendy"
"702","SL12-022","SLRE","invPPfor-SL12-022-sep",2012,"PONARpetite"
"703","SL12-022","SLRE","invHDfor-SL12-022-sep",2012,"hesterdendy"
"704","SL12-023","SLRE","invPPfor-SL12-023-sep",2012,"PONARpetite"
"705","SL12-023","SLRE","invHDfor-SL12-023-sep",2012,"hesterdendy"
"706","SL12-024","SLRE","invBSeth-SL12-024-sep",2012,"benthicsled"
"707","SL12-024","SLRE","invPPfor-SL12-024-sep",2012,"PONARpetite"
"708","SL12-025","SLRE","invBSeth-SL12-025-sep",2012,"benthicsled"
"709","SL12-025","SLRE","invPPfor-SL12-025-sep",2012,"PONARpetite"
"710","SL12-026","SLRE","invPPfor-SL12-026-sep",2012,"PONARpetite"
"711","SL12-026","SLRE","invBSeth-SL12-026-sep",2012,"benthicsled"
"712","SL12-027","SLRE",NA,NA,NA
"713","SL12-028","SLRE",NA,NA,NA
"714","SL12-029","SLRE","invBSeth-SL12-029-sep",2012,"benthicsled"
"715","SL12-029","SLRE","invPPfor-SL12-029-sep",2012,"PONARpetite"
"716","SL12-030","SLRE","invHDfor-SL12-030-sep",2012,"hesterdendy"
"717","SL12-030","SLRE","invPPfor-SL12-030-sep",2012,"PONARpetite"
"718","SL12-031","SLRE","invHDfor-SL12-031-sep",2012,"hesterdendy"
"719","SL12-031","SLRE","invPPfor-SL12-031-sep",2012,"PONARpetite"
"720","SL12-032","SLRE","invPPfor-SL12-032-sep",2012,"PONARpetite"
"721","SL12-032","SLRE","invBSeth-SL12-032-sep",2012,"benthicsled"
"722","SL12-033","SLRE","invHDfor-SL12-033-sep",2012,"hesterdendy"
"723","SL12-033","SLRE","invPPfor-SL12-033-sep",2012,"PONARpetite"
"724","SL12-034","SLRE","invPPfor-SL12-034-sep",2012,"PONARpetite"
"725","SL12-034","SLRE","invHDfor-SL12-034-sep",2012,"hesterdendy"
"726","SL12-035","SLRE","invPPfor-SL12-035-sep",2012,"PONARpetite"
"727","SL12-035","SLRE","invBSeth-SL12-035-sep",2012,"benthicsled"
"728","SL12-036","SLRE","invBSeth-SL12-036-sep",2012,"benthicsled"
"729","SL12-036","SLRE","invPPfor-SL12-036-sep",2012,"PONARpetite"
"730","SL12-037","SLRE",NA,NA,NA
"731","SL12-038","SLRE",NA,NA,NA
"732","SL12-039","SLRE","invBSeth-SL12-039-sep",2012,"benthicsled"
"733","SL12-039","SLRE","invPPfor-SL12-039-sep",2012,"PONARpetite"
"734","SL12-040","SLRE","invPPfor-SL12-040-sep",2012,"PONARpetite"
"735","SL12-040","SLRE","invBSeth-SL12-040-sep",2012,"benthicsled"
"736","SL12-041","SLRE","invBSeth-SL12-041-sep",2012,"benthicsled"
"737","SL12-041","SLRE","invPPfor-SL12-041-sep",2012,"PONARpetite"
"738","SL12-042","SLRE","invBSeth-SL12-042-sep",2012,"benthicsled"
"739","SL12-042","SLRE","invPPfor-SL12-042-sep",2012,"PONARpetite"
"740","SL12-043","SLRE","invPPfor-SL12-043-sep",2012,"PONARpetite"
"741","SL12-043","SLRE","invBSeth-SL12-043-sep",2012,"benthicsled"
"742","SL12-044","SLRE","invPPfor-SL12-044-sep",2012,"PONARpetite"
"743","SL12-044","SLRE","invHDfor-SL12-044-sep",2012,"hesterdendy"
"744","SL12-045","SLRE","invBSeth-SL12-045-sep",2012,"benthicsled"
"745","SL12-045","SLRE","invPPfor-SL12-045-sep",2012,"PONARpetite"
"746","SL12-046","SLRE","invBSeth-SL12-046-sep",2012,"benthicsled"
"747","SL12-046","SLRE","invPPfor-SL12-046-sep",2012,"PONARpetite"
"748","SL12-047","SLRE","invBSeth-SL12-047-sep",2012,"benthicsled"
"749","SL12-047","SLRE","invPPfor-SL12-047-sep",2012,"PONARpetite"
"750","SL12-048","SLRE","invPPfor-SL12-048-sep",2012,"PONARpetite"
"751","SL12-048","SLRE","invBSeth-SL12-048-sep",2012,"benthicsled"
"752","SL12-049","SLRE","invBSeth-SL12-049-sep",2012,"benthicsled"
"753","SL12-049","SLRE","invPPfor-SL12-049-sep",2012,"PONARpetite"
"754","SL12-050","SLRE","invBSeth-SL12-050-sep",2012,"benthicsled"
"755","SL12-050","SLRE","invPPfor-SL12-050-sep",2012,"PONARpetite"
"756","SL12-051","SLRE","invPPfor-SL12-051-sep",2012,"PONARpetite"
"757","SL12-052","SLRE","invPPfor-SL12-052-sep",2012,"PONARpetite"
"758","SL12-053","SLRE","invSWfor-SL12-053-sep",2012,"sweepnet"
"759","SL12-053","SLRE","invPPfor-SL12-053-sep",2012,"PONARpetite"
"760","SL12-053","SLRE","invHDfor-SL12-053-sep",2012,"hesterdendy"
"761","SL12-054","SLRE","invPPfor-SL12-054-sep",2012,"PONARpetite"
"762","SL12-055","SLRE",NA,NA,NA
"763","SL12-056","SLRE","invPPfor-SL12-056-sep",2012,"PONARpetite"
"764","SL12-057","SLRE","invHDfor-SL12-057-sep",2012,"hesterdendy"
"765","SL12-057","SLRE","invPPfor-SL12-057-sep",2012,"PONARpetite"
"766","SL12-058","SLRE","invPPfor-SL12-058-sep",2012,"PONARpetite"
"767","SL12-059","SLRE","invPPfor-SL12-059-sep",2012,"PONARpetite"
"768","SL12-060","SLRE","invSWfor-SL12-060-sep",2012,"sweepnet"
"769","SL12-060","SLRE","invPPfor-SL12-060-sep",2012,"PONARpetite"
"770","SL12-060","SLRE","invHDfor-SL12-060-sep",2012,"hesterdendy"
"771","SL12-061","SLRE","invPPfor-SL12-061-sep",2012,"PONARpetite"
"772","SL12-062","SLRE","invPPfor-SL12-062-sep",2012,"PONARpetite"
"773","SL12-063","SLRE","invSWfor-SL12-063-sep",2012,"sweepnet"
"774","SL12-063","SLRE","invPPfor-SL12-063-sep",2012,"PONARpetite"
"775","SL12-065","SLRE",NA,NA,NA
"776","SL12-066","SLRE","invPPfor-SL12-066-sep",2012,"PONARpetite"
"777","SL12-067","SLRE",NA,NA,NA
"778","SL12-068","SLRE",NA,NA,NA
"779","SL12-069","SLRE",NA,NA,NA
"780","SL12-070","SLRE","invPPfor-SL12-070-sep",2012,"PONARpetite"
"781","SL12-071","SLRE",NA,NA,NA
"782","SL12-072","SLRE",NA,NA,NA
"783","SL12-073","SLRE","invPPfor-SL12-073-sep",2012,"PONARpetite"
"784","SL12-074","SLRE",NA,NA,NA
"785","SL12-075","SLRE",NA,NA,NA
"786","SL12-076","SLRE",NA,NA,NA
"787","SL12-077","SLRE",NA,NA,NA
"788","SL12-078","SLRE",NA,NA,NA
"789","SL12-079","SLRE",NA,NA,NA
"790","SL12-080","SLRE",NA,NA,NA
"791","SL12-081","SLRE",NA,NA,NA
"792","SL12-082","SLRE",NA,NA,NA
"793","SL12-083","SLRE",NA,NA,NA
"794","SL12-084","SLRE",NA,NA,NA
"795","SL12-085","SLRE",NA,NA,NA
"796","SL12-086","SLRE",NA,NA,NA
"797","SL12-087","SLRE",NA,NA,NA
"798","SL12-088","SLRE",NA,NA,NA
"799","SL12-090","SLRE",NA,NA,NA
"800","SL12-091","SLRE",NA,NA,NA
"801","SL12-092","SLRE",NA,NA,NA
"802","SL12-093","SLRE",NA,NA,NA
"803","SL12-094","SLRE",NA,NA,NA
"804","SL12-095","SLRE",NA,NA,NA
"805","SL12-096","SLRE","invSWfor-SL12-096-sep",2012,"sweepnet"
"806","SL12-097","SLRE",NA,NA,NA
"807","SL12-098","SLRE",NA,NA,NA
"808","SL12-099","SLRE",NA,NA,NA
"809","SL12-100","SLRE",NA,NA,NA
"810","SL12-101","SLRE","invSWfor-SL12-101-sep",2012,"sweepnet"
"811","SL12-102","SLRE",NA,NA,NA
"812","SL12-103","SLRE","invBSfor-SL12-103-sep",2012,"benthicsled"
"813","SL12-104","SLRE",NA,NA,NA
"814","SL12-105","SLRE",NA,NA,NA
"815","SL12-106","SLRE",NA,NA,NA
"816","SL12-108","SLRE",NA,NA,NA
"817","SL12-109","SLRE",NA,NA,NA
"818","SL12-110","SLRE",NA,NA,NA
"819","SL12-111","SLRE",NA,NA,NA
"820","SL12-112","SLRE",NA,NA,NA
"821","SL12-113","SLRE",NA,NA,NA
"822","SL12-117","SLRE",NA,NA,NA
"823","SL12-118","SLRE",NA,NA,NA
"824","SL12-119","SLRE",NA,NA,NA
"825","SL12-120","SLRE",NA,NA,NA
"826","SL12-121","SLRE","invSWfor-SL12-121-sep",2012,"sweepnet"
"827","SL12-122","SLRE",NA,NA,NA
"828","SL12-123","SLRE",NA,NA,NA
"829","SL12-125","SLRE",NA,NA,NA
"830","SL12-126","SLRE",NA,NA,NA
"831","SL12-130","SLRE","invSWfor-SL12-130-sep",2012,"sweepnet"
"832","SL12-130","SLRE","invBSeth-SL12-130-sep",2012,"benthicsled"
"833","SL12-131","SLRE",NA,NA,NA
"834","SL12-132","SLRE",NA,NA,NA
"835","SL12-138","SLRE",NA,NA,NA
"836","SL12-140","SLRE",NA,NA,NA
"837","SL12-148","SLRE",NA,NA,NA
"838","SL12-149","SLRE",NA,NA,NA
"839","SL12-150","SLRE",NA,NA,NA
"840","SL12-153","SLRE",NA,NA,NA
"841","SL12-154","SLRE",NA,NA,NA
"842","SL12-155","SLRE",NA,NA,NA
"843","SL12-156","SLRE",NA,NA,NA
"844","SL12-159","SLRE",NA,NA,NA
"845","SL12-160","SLRE",NA,NA,NA
"846","SL12-163","SLRE",NA,NA,NA
"847","SL12-165","SLRE",NA,NA,NA
"848","SL12-167","SLRE",NA,NA,NA
"849","SL12-168","SLRE",NA,NA,NA
"850","SL12-169","SLRE",NA,NA,NA
"851","SL12-171","SLRE",NA,NA,NA
"852","SL12-175","SLRE",NA,NA,NA
"853","SL12-177","SLRE",NA,NA,NA
"854","SL12-178","SLRE",NA,NA,NA
"855","SL12-183","SLRE",NA,NA,NA
"856","SL12-184","SLRE",NA,NA,NA
"857","SL12-189","SLRE","invBSeth-SL12-189-sep",2012,"benthicsled"
"858","SL12-191","SLRE","invSWfor-SL12-191-sep",2012,"sweepnet"
"859","SL12-236","SLRE","invBSeth-SL12-236-sep",2012,"benthicsled"
"860","SL12-292","SLRE","invSWfor-SL12-292-sep",2012,"sweepnet"
"861","SL12-444","SLRE","invSWfor-SL12-444-sep",2012,"sweepnet"
"862","SL12-445","SLRE","invSWfor-SL12-445-sep",2012,"sweepnet"
"863","SL12-557","SLRE","invSWfor-SL12-557-sep",2012,"sweepnet"
"864","SL12-978","SLRE","invSWfor-SL12-978-sep",2012,"sweepnet"
"865","SL13-200","SLRE",NA,NA,NA
"866","SL13-201","SLRE",NA,NA,NA
"867","SL13-202","SLRE",NA,NA,NA
"868","SL13-203","SLRE",NA,NA,NA
"869","SL13-204","SLRE",NA,NA,NA
"870","SL13-205","SLRE",NA,NA,NA
"871","SL13-206","SLRE",NA,NA,NA
"872","SL13-207","SLRE",NA,NA,NA
"873","SL13-208","SLRE",NA,NA,NA
"874","SL13-210","SLRE",NA,NA,NA
"875","SL13-211","SLRE",NA,NA,NA
"876","SL13-212","SLRE",NA,NA,NA
"877","SL13-213","SLRE",NA,NA,NA
"878","SL13-214","SLRE",NA,NA,NA
"879","SL13-215","SLRE",NA,NA,NA
"880","SL13-216","SLRE",NA,NA,NA
"881","SL13-217","SLRE",NA,NA,NA
"882","SL13-218","SLRE",NA,NA,NA
"883","SL13-219","SLRE",NA,NA,NA
"884","SL13-220","SLRE",NA,NA,NA
"885","SL13-221","SLRE",NA,NA,NA
"886","SL13-222","SLRE",NA,NA,NA
"887","SL13-223","SLRE",NA,NA,NA
"888","SL13-224","SLRE",NA,NA,NA
"889","SL13-225","SLRE",NA,NA,NA
"890","SL13-226","SLRE",NA,NA,NA
"891","SL13-227","SLRE",NA,NA,NA
"892","SL13-228","SLRE",NA,NA,NA
"893","SL13-229","SLRE",NA,NA,NA
"894","SL13-230","SLRE",NA,NA,NA
"895","SL13-231","SLRE",NA,NA,NA
"896","SL13-232","SLRE",NA,NA,NA
"897","SL13-233","SLRE",NA,NA,NA
"898","SL13-234","SLRE",NA,NA,NA
"899","SL13-235","SLRE",NA,NA,NA
"900","SL13-236","SLRE",NA,NA,NA
"901","SL13-237","SLRE",NA,NA,NA
"902","SL13-238","SLRE",NA,NA,NA
"903","SL13-239","SLRE",NA,NA,NA
"904","SL13-240","SLRE",NA,NA,NA
"905","SL13-242","SLRE",NA,NA,NA
"906","SL13-243","SLRE",NA,NA,NA
"907","SL13-244","SLRE",NA,NA,NA
"908","SL13-245","SLRE",NA,NA,NA
"909","SL13-246","SLRE",NA,NA,NA
"910","SL13-247","SLRE",NA,NA,NA
"911","SL13-248","SLRE",NA,NA,NA
"912","SL13-249","SLRE",NA,NA,NA
"913","SL13-250","SLRE",NA,NA,NA
"914","SL13-251","SLRE",NA,NA,NA
"915","SL13-252","SLRE",NA,NA,NA
"916","SL13-253","SLRE",NA,NA,NA
"917","SL13-254","SLRE",NA,NA,NA
"918","SL13-255","SLRE",NA,NA,NA
"919","SL13-256","SLRE",NA,NA,NA
"920","SL13-259","SLRE",NA,NA,NA
"921","SL13-260","SLRE",NA,NA,NA
"922","SL13-261","SLRE",NA,NA,NA
"923","SL13-262","SLRE",NA,NA,NA
"924","SL13-263","SLRE",NA,NA,NA
"925","SL13-264","SLRE",NA,NA,NA
"926","SL13-265","SLRE",NA,NA,NA
"927","SL13-266","SLRE",NA,NA,NA
"928","SL13-267","SLRE",NA,NA,NA
"929","SL13-268","SLRE",NA,NA,NA
"930","SL13-269","SLRE",NA,NA,NA
"931","SL13-270","SLRE",NA,NA,NA
"932","SL13-271","SLRE",NA,NA,NA
"933","SL13-272","SLRE",NA,NA,NA
"934","SL13-273","SLRE",NA,NA,NA
"935","SL13-274","SLRE",NA,NA,NA
"936","SL13-275","SLRE",NA,NA,NA
"937","SL13-276","SLRE",NA,NA,NA
"938","SL13-277","SLRE",NA,NA,NA
"939","SL13-278","SLRE",NA,NA,NA
"940","SL13-279","SLRE",NA,NA,NA
"941","SL13-280","SLRE",NA,NA,NA
"942","SL13-282","SLRE",NA,NA,NA
"943","SL13-283","SLRE",NA,NA,NA
"944","SL13-284","SLRE",NA,NA,NA
"945","SL13-285","SLRE",NA,NA,NA
"946","SL13-286","SLRE",NA,NA,NA
"947","SL13-287","SLRE",NA,NA,NA
"948","SL13-288","SLRE",NA,NA,NA
"949","SL13-289","SLRE",NA,NA,NA
"950","SL13-290","SLRE",NA,NA,NA
"951","SL13-291","SLRE",NA,NA,NA
"952","SL13-292","SLRE",NA,NA,NA
"953","SL13-293","SLRE",NA,NA,NA
"954","SL13-294","SLRE",NA,NA,NA
"955","SL13-295","SLRE",NA,NA,NA
"956","SL13-296","SLRE",NA,NA,NA
"957","SL13-298","SLRE",NA,NA,NA
"958","SL13-299","SLRE",NA,NA,NA
"959","SL13-300","SLRE",NA,NA,NA
"960","SL13-301","SLRE",NA,NA,NA
"961","SL13-302","SLRE",NA,NA,NA
"962","SL13-303","SLRE",NA,NA,NA
"963","SL13-304","SLRE",NA,NA,NA
"964","SL13-305","SLRE",NA,NA,NA
"965","SL13-306","SLRE",NA,NA,NA
"966","SL13-307","SLRE",NA,NA,NA
"967","SL13-308","SLRE",NA,NA,NA
"968","SL13-309","SLRE",NA,NA,NA
"969","SL13-310","SLRE",NA,NA,NA
"970","SL13-311","SLRE",NA,NA,NA
"971","SL13-312","SLRE",NA,NA,NA
"972","SL13-313","SLRE",NA,NA,NA
"973","SL13-314","SLRE",NA,NA,NA
"974","SL13-315","SLRE",NA,NA,NA
"975","SL13-316","SLRE",NA,NA,NA
"976","SL13-318","SLRE",NA,NA,NA
"977","SL13-319","SLRE",NA,NA,NA
"978","SL13-320","SLRE",NA,NA,NA
"979","SL13-321","SLRE",NA,NA,NA
"980","SL13-322","SLRE",NA,NA,NA
"981","SL13-323","SLRE",NA,NA,NA
"982","SL13-324","SLRE",NA,NA,NA
"983","SL13-325","SLRE",NA,NA,NA
"984","SL13-326","SLRE",NA,NA,NA
"985","SL13-BSfix","SLRE",NA,NA,NA
"986","SL13-DNAbillpk","SLRE","InvLTeth-SL13-DNAbillpk-sep",2013,"lighttrapbugs"
"987","SL13-DNAbillpk","SLRE","InvSWeth-SL13-DNAbillpk-sep",2013,"sweepnet"
"988","SL13-DNAbillpk","SLRE","InvBSeth-SL13-DNAbillpk-sep",2013,"benthicsled"
"989","SL13-DNAclough","SLRE","InvBSeth-SL13-DNAclough-sep",2013,"benthicsled"
"990","SL13-DNAclough","SLRE","InvLTeth-SL13-DNAclough-sep",2013,"lighttrapbugs"
"991","SL13-DNAclough","SLRE","InvSWeth-SL13-DNAclough-sep",2013,"sweepnet"
"992","SL13-DNAgarfld","SLRE","InvBSeth-SL13-DNAgarfld-sep",2013,"benthicsled"
"993","SL13-DNAgarfld","SLRE","InvPFeth-SL13-DNAgarfld-sep",2013,"PONARfull"
"994","SL13-DNAhowds","SLRE","InvPFeth-SL13-DNAhowds-sep",2013,"PONARfull"
"995","SL13-DNAhowds","SLRE","InvBSeth-SL13-DNAhowds-sep",2013,"benthicsled"
"996","SL13-DNAintisl","SLRE","InvPFeth-SL13-DNAintisl-sep",2013,"PONARfull"
"997","SL13-DNAintisl","SLRE","InvBSeth-SL13-DNAintisl-sep",2013,"benthicsled"
"998","SL13-DNAspirit","SLRE","InvLTeth-SL13-DNAspirit-sep",2013,"lighttrapbugs"
"999","SL13-DNAspirit","SLRE","InvSWeth-SL13-DNAspirit-sep",2013,"sweepnet"
"1000","SL13-DNAspirit","SLRE","InvBSeth-SL13-DNAspirit-sep",2013,"benthicsled"
"1001","SL13-DNAtallas","SLRE","InvSWeth-SL13-DNAtallas-sep",2013,"sweepnet"
"1002","SL13-DNAtallas","SLRE","InvLTeth-SL13-DNAtallas-sep",2013,"lighttrapbugs"
"1003","SL13-DNAtallas","SLRE","InvBSeth-SL13-DNAtallas-sep",2013,"benthicsled"
"1004","SL13-DNAwlssd","SLRE","InvPFeth-SL13-DNAwlssd-sep",2013,"PONARfull"
"1005","SL13-DNAwlssd","SLRE","InvBSeth-SL13-DNAwlssd-sep",2013,"benthicsled"
"1006","SL13-LTfix","SLRE",NA,NA,NA
"1007","SL13-LTloc1","SLRE",NA,NA,NA
"1008","SL13-LTloc2","SLRE",NA,NA,NA
"1009","SL13-LTloc3","SLRE",NA,NA,NA
"1010","SL13-LTloc4","SLRE",NA,NA,NA
"1011","SL13-LTloc5","SLRE",NA,NA,NA
"1012","SL13-NNfix","SLRE",NA,NA,NA
"1013","SL13-TSfix","SLRE",NA,NA,NA
"1014","SL13-TTfix","SLRE",NA,NA,NA
